COUNTRY,YEAR,MONTH,TEMP_MEAN,HEAT_DAYS
Belgium,2000,1,5.281612903225804,2.0
Belgium,2000,2,8.422413793103448,0.0
Belgium,2000,3,10.112258064516128,2.0
Belgium,2000,4,14.075999999999997,4.0
Belgium,2000,5,18.717419354838714,6.0
Belgium,2000,6,20.826999999999998,3.0
Belgium,2000,7,19.336451612903225,0.0
Belgium,2000,8,22.593870967741932,0.0
Belgium,2000,9,19.70633333333334,2.0
Belgium,2000,10,14.20225806451613,0.0
Belgium,2000,11,9.384666666666668,0.0
Belgium,2000,12,6.6248387096774195,11.0
Belgium,2001,1,4.769354838709678,0.0
Belgium,2001,2,6.841785714285715,5.0
Belgium,2001,3,9.189677419354839,0.0
Belgium,2001,4,11.220333333333333,0.0
Belgium,2001,5,18.77709677419355,4.0
Belgium,2001,6,19.099999999999998,0.0
Belgium,2001,7,22.580322580645163,0.0
Belgium,2001,8,22.926451612903218,6.0
Belgium,2001,9,16.431666666666665,0.0
Belgium,2001,10,17.267419354838708,4.0
Belgium,2001,11,8.786,0.0
Belgium,2001,12,4.103548387096774,2.0
Belgium,2002,1,5.250645161290323,5.0
Belgium,2002,2,8.977857142857143,5.0
Belgium,2002,3,10.829032258064515,0.0
Belgium,2002,4,13.71233333333333,0.0
Belgium,2002,5,17.13903225806452,2.0
Belgium,2002,6,21.095000000000002,2.0
Belgium,2002,7,21.82967741935484,3.0
Belgium,2002,8,22.484516129032258,4.0
Belgium,2002,9,18.814333333333327,0.0
Belgium,2002,10,14.090645161290322,0.0
Belgium,2002,11,10.602666666666666,3.0
Belgium,2002,12,5.664193548387096,4.0
Belgium,2003,1,3.9812903225806444,2.0
Belgium,2003,2,5.4125,2.0
Belgium,2003,3,12.39709677419355,8.0
Belgium,2003,4,14.320000000000002,6.0
Belgium,2003,5,17.513548387096776,3.0
Belgium,2003,6,23.226000000000003,0.0
Belgium,2003,7,23.088064516129037,2.0
Belgium,2003,8,24.726451612903226,11.0
Belgium,2003,9,20.273666666666667,7.0
Belgium,2003,10,12.089354838709676,0.0
Belgium,2003,11,10.422333333333333,2.0
Belgium,2003,12,5.716451612903226,0.0
Belgium,2004,1,4.901935483870967,0.0
Belgium,2004,2,7.051379310344827,6.0
Belgium,2004,3,9.544838709677418,5.0
Belgium,2004,4,14.41233333333333,2.0
Belgium,2004,5,17.051935483870967,0.0
Belgium,2004,6,20.175000000000004,2.0
Belgium,2004,7,21.49161290322581,0.0
Belgium,2004,8,22.643870967741936,2.0
Belgium,2004,9,19.984333333333332,7.0
Belgium,2004,10,15.318387096774192,0.0
Belgium,2004,11,8.73033333333333,0.0
Belgium,2004,12,4.5680645161290325,0.0
Belgium,2005,1,6.4309677419354845,2.0
Belgium,2005,2,4.725714285714285,0.0
Belgium,2005,3,10.341935483870971,9.0
Belgium,2005,4,14.107666666666667,0.0
Belgium,2005,5,17.386451612903226,3.0
Belgium,2005,6,22.131999999999994,10.0
Belgium,2005,7,22.336774193548386,0.0
Belgium,2005,8,21.11064516129032,0.0
Belgium,2005,9,20.892,8.0
Belgium,2005,10,18.33161290322581,12.0
Belgium,2005,11,8.464333333333336,6.0
Belgium,2005,12,5.06741935483871,0.0
Belgium,2006,1,3.2916129032258064,0.0
Belgium,2006,2,4.415357142857142,0.0
Belgium,2006,3,8.041935483870969,2.0
Belgium,2006,4,13.251333333333333,2.0
Belgium,2006,5,17.99193548387097,0.0
Belgium,2006,6,21.324999999999996,4.0
Belgium,2006,7,27.129677419354838,16.0
Belgium,2006,8,19.943870967741933,0.0
Belgium,2006,9,22.64133333333333,11.0
Belgium,2006,10,17.467741935483875,3.0
Belgium,2006,11,11.552999999999999,4.0
Belgium,2006,12,6.897419354838711,3.0
Belgium,2007,1,8.343548387096773,10.0
Belgium,2007,2,8.92607142857143,2.0
Belgium,2007,3,11.24516129032258,3.0
Belgium,2007,4,19.052666666666667,14.0
Belgium,2007,5,18.692903225806457,2.0
Belgium,2007,6,21.047999999999995,0.0
Belgium,2007,7,20.843870967741935,0.0
Belgium,2007,8,21.080000000000002,0.0
Belgium,2007,9,18.324999999999996,0.0
Belgium,2007,10,14.413870967741936,0.0
Belgium,2007,11,8.885,3.0
Belgium,2007,12,5.435806451612902,3.0
Belgium,2008,1,7.448709677419355,3.0
Belgium,2008,2,8.934137931034481,4.0
Belgium,2008,3,8.836451612903224,0.0
Belgium,2008,4,12.56666666666667,2.0
Belgium,2008,5,20.275483870967744,6.0
Belgium,2008,6,20.440333333333335,0.0
Belgium,2008,7,21.656774193548387,0.0
Belgium,2008,8,21.37161290322581,0.0
Belgium,2008,9,17.82833333333333,0.0
Belgium,2008,10,13.764516129032257,2.0
Belgium,2008,11,8.825666666666669,0.0
Belgium,2008,12,4.038709677419355,0.0
Belgium,2009,1,2.1638709677419348,0.0
Belgium,2009,2,5.09857142857143,0.0
Belgium,2009,3,10.240967741935485,0.0
Belgium,2009,4,16.39533333333333,2.0
Belgium,2009,5,18.360000000000003,2.0
Belgium,2009,6,20.25366666666667,2.0
Belgium,2009,7,22.080967741935485,0.0
Belgium,2009,8,23.557096774193543,2.0
Belgium,2009,9,20.212333333333337,2.0
Belgium,2009,10,14.886451612903226,0.0
Belgium,2009,11,11.324666666666669,4.0
Belgium,2009,12,3.6864516129032263,0.0
Belgium,2010,1,0.9370967741935482,0.0
Belgium,2010,2,4.236071428571429,0.0
Belgium,2010,3,9.69483870967742,4.0
Belgium,2010,4,14.575666666666669,5.0
Belgium,2010,5,15.466774193548387,2.0
Belgium,2010,6,21.288666666666664,3.0
Belgium,2010,7,24.213225806451614,6.0
Belgium,2010,8,20.896774193548385,0.0
Belgium,2010,9,18.306,0.0
Belgium,2010,10,14.480967741935487,7.0
Belgium,2010,11,8.299333333333333,3.0
Belgium,2010,12,-0.04838709677419354,0.0
Belgium,2011,1,4.836774193548388,2.0
Belgium,2011,2,7.25285714285714,0.0
Belgium,2011,3,11.527419354838708,4.0
Belgium,2011,4,18.22833333333333,13.0
Belgium,2011,5,18.876774193548385,2.0
Belgium,2011,6,20.694000000000003,3.0
Belgium,2011,7,20.094838709677422,0.0
Belgium,2011,8,21.653225806451612,0.0
Belgium,2011,9,20.929,5.0
Belgium,2011,10,16.086774193548386,5.0
Belgium,2011,11,11.712333333333333,8.0
Belgium,2011,12,7.612258064516133,0.0
Belgium,2012,1,6.886774193548385,3.0
Belgium,2012,2,3.3934482758620694,0.0
Belgium,2012,3,13.05258064516129,11.0
Belgium,2012,4,12.021666666666668,0.0
Belgium,2012,5,18.704193548387096,7.0
Belgium,2012,6,19.460333333333335,0.0
Belgium,2012,7,21.202903225806455,2.0
Belgium,2012,8,23.05806451612904,2.0
Belgium,2012,9,18.890666666666664,3.0
Belgium,2012,10,14.362580645161291,2.0
Belgium,2012,11,8.828,0.0
Belgium,2012,12,6.065806451612904,3.0
Belgium,2013,1,3.6448387096774195,2.0
Belgium,2013,2,3.5078571428571417,0.0
Belgium,2013,3,6.020000000000002,0.0
Belgium,2013,4,12.539666666666665,2.0
Belgium,2013,5,15.029677419354835,0.0
Belgium,2013,6,19.78533333333333,0.0
Belgium,2013,7,24.243548387096773,3.0
Belgium,2013,8,22.647741935483868,2.0
Belgium,2013,9,19.198666666666668,4.0
Belgium,2013,10,16.004516129032258,2.0
Belgium,2013,11,8.41,0.0
Belgium,2013,12,7.0683870967741935,0.0
Belgium,2014,1,7.0935483870967735,4.0
Belgium,2014,2,8.345714285714287,2.0
Belgium,2014,3,13.123870967741933,12.0
Belgium,2014,4,16.517999999999997,5.0
Belgium,2014,5,17.551935483870967,2.0
Belgium,2014,6,20.75466666666667,0.0
Belgium,2014,7,23.41806451612903,3.0
Belgium,2014,8,19.787419354838704,0.0
Belgium,2014,9,20.726333333333333,0.0
Belgium,2014,10,16.702903225806455,6.0
Belgium,2014,11,10.697333333333336,2.0
Belgium,2014,12,5.562580645161291,2.0
Belgium,2015,1,4.925483870967741,2.0
Belgium,2015,2,5.805714285714286,0.0
Belgium,2015,3,10.31225806451613,0.0
Belgium,2015,4,14.451,2.0
Belgium,2015,5,16.994193548387095,0.0
Belgium,2015,6,20.693666666666672,0.0
Belgium,2015,7,22.841935483870973,4.0
Belgium,2015,8,23.547741935483867,0.0
Belgium,2015,9,17.79933333333333,0.0
Belgium,2015,10,13.885806451612902,0.0
Belgium,2015,11,12.034999999999998,8.0
Belgium,2015,12,9.931612903225808,13.0
Belgium,2016,1,6.067096774193548,0.0
Belgium,2016,2,6.9110344827586205,0.0
Belgium,2016,3,9.006129032258064,0.0
Belgium,2016,4,12.544000000000004,0.0
Belgium,2016,5,18.393870967741933,0.0
Belgium,2016,6,20.53966666666667,2.0
Belgium,2016,7,22.469677419354838,2.0
Belgium,2016,8,22.681612903225805,5.0
Belgium,2016,9,22.045000000000005,7.0
Belgium,2016,10,14.11741935483871,0.0
Belgium,2016,11,8.398,0.0
Belgium,2016,12,5.813548387096773,0.0
Belgium,2017,1,2.7709677419354835,0.0
Belgium,2017,2,8.186071428571427,3.0
Belgium,2017,3,13.077096774193548,7.0
Belgium,2017,4,13.333666666666668,0.0
Belgium,2017,5,19.72064516129032,6.0
Belgium,2017,6,23.232666666666667,5.0
Belgium,2017,7,23.059354838709677,0.0
Belgium,2017,8,22.64451612903226,2.0
Belgium,2017,9,18.521,0.0
Belgium,2017,10,16.838709677419356,6.0
Belgium,2017,11,9.285333333333332,2.0
Belgium,2017,12,5.928064516129032,2.0
Belgium,2018,1,7.745806451612903,6.0
Belgium,2018,2,3.9074999999999993,0.0
Belgium,2018,3,8.597741935483871,0.0
Belgium,2018,4,17.21633333333333,8.0
Belgium,2018,5,21.09774193548387,9.0
Belgium,2018,6,22.417666666666666,3.0
Belgium,2018,7,26.678709677419356,7.0
Belgium,2018,8,24.600645161290327,7.0
Belgium,2018,9,20.806000000000004,6.0
Belgium,2018,10,17.160322580645154,12.0
Belgium,2018,11,10.059333333333333,2.0
Belgium,2018,12,7.48967741935484,8.0
Belgium,2019,1,4.888709677419355,0.0
Belgium,2019,2,10.552142857142856,14.0
Belgium,2019,3,12.026129032258064,4.0
Belgium,2019,4,15.809333333333331,7.0
Belgium,2019,5,16.742903225806447,0.0
Belgium,2019,6,23.494000000000007,12.0
Belgium,2019,7,24.98322580645161,5.0
Belgium,2019,8,24.638064516129027,4.0
Belgium,2019,9,20.708000000000002,2.0
Belgium,2019,10,15.597741935483871,2.0
Belgium,2019,11,8.97733333333333,0.0
Belgium,2019,12,7.5858064516129025,2.0
Belgium,2020,1,7.4825806451612875,6.0
Belgium,2020,2,9.814137931034484,7.0
Belgium,2020,3,10.79225806451613,2.0
Belgium,2020,4,17.78633333333333,15.0
Belgium,2020,5,18.816129032258065,0.0
Belgium,2020,6,21.58433333333333,4.0
Belgium,2020,7,22.68870967741935,2.0
Belgium,2020,8,26.25290322580645,11.0
Belgium,2020,9,22.277333333333335,9.0
Belgium,2020,10,14.422580645161293,0.0
Belgium,2020,11,11.864333333333333,9.0
Belgium,2020,12,6.701612903225806,3.0
Belgium,2021,1,4.847096774193548,2.0
Belgium,2021,2,7.542500000000001,6.0
Belgium,2021,3,11.071612903225807,5.0
Belgium,2021,4,11.518666666666665,0.0
Belgium,2021,5,-277.15857142857146,0.0
France,2000,1,5.5693548387096765,0.0
France,2000,2,9.666551724137932,0.0
France,2000,3,11.894838709677419,0.0
France,2000,4,14.17666666666667,0.0
France,2000,5,19.408387096774184,3.0
France,2000,6,22.18566666666666,2.0
France,2000,7,21.044193548387092,0.0
France,2000,8,24.276451612903223,0.0
France,2000,9,21.07566666666667,2.0
France,2000,10,14.756774193548388,0.0
France,2000,11,10.073333333333332,0.0
France,2000,12,8.464838709677418,8.0
France,2001,1,6.5038709677419355,0.0
France,2001,2,8.0925,2.0
France,2001,3,11.639032258064512,0.0
France,2001,4,12.524666666666665,0.0
France,2001,5,19.640000000000004,3.0
France,2001,6,20.933666666666667,3.0
France,2001,7,23.495806451612914,0.0
France,2001,8,24.303870967741936,2.0
France,2001,9,17.878333333333334,0.0
France,2001,10,18.537419354838708,2.0
France,2001,11,9.012666666666664,0.0
France,2001,12,4.719354838709679,2.0
France,2002,1,6.9154838709677415,5.0
France,2002,2,10.099642857142857,5.0
France,2002,3,12.902258064516124,0.0
France,2002,4,15.466000000000001,2.0
France,2002,5,17.792258064516123,2.0
France,2002,6,22.35733333333333,3.0
France,2002,7,22.881612903225804,2.0
France,2002,8,23.135483870967736,2.0
France,2002,9,20.16066666666666,0.0
France,2002,10,16.24774193548387,0.0
France,2002,11,11.416999999999998,2.0
France,2002,12,7.9961290322580645,8.0
France,2003,1,4.81741935483871,2.0
France,2003,2,6.558571428571428,0.0
France,2003,3,14.173548387096778,7.0
France,2003,4,15.765666666666666,6.0
France,2003,5,18.623225806451615,3.0
France,2003,6,24.93666666666667,0.0
France,2003,7,25.515161290322578,2.0
France,2003,8,29.660967741935483,12.0
France,2003,9,22.60833333333333,6.0
France,2003,10,13.734838709677422,0.0
France,2003,11,11.439333333333332,0.0
France,2003,12,6.603548387096774,0.0
France,2004,1,6.49,3.0
France,2004,2,8.318275862068965,4.0
France,2004,3,10.855806451612905,2.0
France,2004,4,14.990000000000002,0.0
France,2004,5,18.41838709677419,4.0
France,2004,6,23.27433333333333,3.0
France,2004,7,24.461935483870974,3.0
France,2004,8,24.885483870967747,3.0
France,2004,9,23.031000000000002,9.0
France,2004,10,16.385806451612904,0.0
France,2004,11,9.968999999999998,0.0
France,2004,12,5.3670967741935485,0.0
France,2005,1,6.812258064516129,0.0
France,2005,2,5.7664285714285715,0.0
France,2005,3,11.520967741935488,6.0
France,2005,4,15.541,3.0
France,2005,5,18.815806451612907,4.0
France,2005,6,24.210666666666665,12.0
France,2005,7,24.77064516129033,2.0
France,2005,8,24.054516129032258,2.0
France,2005,9,22.473000000000003,7.0
France,2005,10,19.782580645161293,11.0
France,2005,11,9.240666666666668,5.0
France,2005,12,5.300645161290324,0.0
France,2006,1,4.695806451612902,0.0
France,2006,2,5.635714285714285,0.0
France,2006,3,9.62709677419355,2.0
France,2006,4,15.089000000000002,0.0
France,2006,5,18.71548387096774,0.0
France,2006,6,23.737666666666662,4.0
France,2006,7,29.24225806451613,15.0
France,2006,8,21.867419354838706,0.0
France,2006,9,24.053333333333335,8.0
France,2006,10,18.550645161290323,0.0
France,2006,11,12.304666666666666,3.0
France,2006,12,7.133548387096774,2.0
France,2007,1,9.154516129032258,9.0
France,2007,2,10.872857142857141,2.0
France,2007,3,11.698709677419354,2.0
France,2007,4,20.327333333333332,14.0
France,2007,5,19.612903225806452,2.0
France,2007,6,21.896333333333335,0.0
France,2007,7,22.291612903225808,0.0
France,2007,8,22.304193548387097,0.0
France,2007,9,19.923333333333332,0.0
France,2007,10,15.577419354838712,0.0
France,2007,11,9.518333333333334,0.0
France,2007,12,5.878387096774193,3.0
France,2008,1,7.975806451612903,3.0
France,2008,2,10.08137931034483,4.0
France,2008,3,10.143870967741934,0.0
France,2008,4,13.510666666666664,2.0
France,2008,5,20.633548387096774,0.0
France,2008,6,21.433333333333334,0.0
France,2008,7,23.45645161290323,0.0
France,2008,8,23.438064516129035,0.0
France,2008,9,19.355000000000004,0.0
France,2008,10,15.156774193548381,0.0
France,2008,11,9.968,2.0
France,2008,12,4.425483870967742,0.0
France,2009,1,3.1212903225806463,0.0
France,2009,2,6.706428571428573,0.0
France,2009,3,11.668064516129034,0.0
France,2009,4,16.735,0.0
France,2009,5,19.48483870967742,2.0
France,2009,6,21.53933333333333,2.0
France,2009,7,23.997741935483873,0.0
France,2009,8,26.4316129032258,4.0
France,2009,9,21.871666666666666,3.0
France,2009,10,16.62258064516129,3.0
France,2009,11,11.875666666666667,2.0
France,2009,12,5.124838709677419,2.0
France,2010,1,2.051612903225806,0.0
France,2010,2,6.058214285714286,0.0
France,2010,3,11.064838709677419,2.0
France,2010,4,16.14333333333333,4.0
France,2010,5,17.32483870967742,3.0
France,2010,6,22.690333333333335,5.0
France,2010,7,25.805806451612906,4.0
France,2010,8,23.054516129032255,0.0
France,2010,9,20.349,0.0
France,2010,10,15.776451612903232,3.0
France,2010,11,8.98966666666667,3.0
France,2010,12,0.6348387096774195,0.0
France,2011,1,5.887419354838709,2.0
France,2011,2,8.93857142857143,0.0
France,2011,3,13.393870967741933,3.0
France,2011,4,19.360999999999997,15.0
France,2011,5,20.826129032258073,2.0
France,2011,6,22.099333333333334,3.0
France,2011,7,22.219354838709677,0.0
France,2011,8,24.043870967741938,0.0
France,2011,9,22.936000000000003,5.0
France,2011,10,17.922258064516125,5.0
France,2011,11,12.84,5.0
France,2011,12,8.856774193548388,0.0
France,2012,1,8.179032258064517,0.0
France,2012,2,4.857931034482759,2.0
France,2012,3,14.80451612903226,11.0
France,2012,4,13.100333333333332,0.0
France,2012,5,19.64451612903226,7.0
France,2012,6,20.813,2.0
France,2012,7,22.636774193548387,2.0
France,2012,8,25.723225806451612,3.0
France,2012,9,20.797333333333334,2.0
France,2012,10,15.923870967741934,0.0
France,2012,11,9.600333333333333,0.0
France,2012,12,7.465483870967744,2.0
France,2013,1,4.680967741935484,0.0
France,2013,2,5.093571428571428,0.0
France,2013,3,8.353870967741939,0.0
France,2013,4,13.899666666666667,2.0
France,2013,5,15.517741935483874,0.0
France,2013,6,20.559000000000005,0.0
France,2013,7,25.89838709677419,2.0
France,2013,8,24.047741935483874,2.0
France,2013,9,20.926333333333332,2.0
France,2013,10,17.27032258064516,3.0
France,2013,11,9.164666666666667,2.0
France,2013,12,7.682903225806452,0.0
France,2014,1,8.330645161290322,5.0
France,2014,2,9.7675,0.0
France,2014,3,14.061290322580646,8.0
France,2014,4,16.36466666666666,0.0
France,2014,5,17.662580645161288,0.0
France,2014,6,21.528666666666666,0.0
France,2014,7,23.797419354838713,2.0
France,2014,8,21.184193548387096,0.0
France,2014,9,22.143666666666668,0.0
France,2014,10,17.917741935483875,6.0
France,2014,11,12.124666666666666,2.0
France,2014,12,6.813870967741935,2.0
France,2015,1,6.3174193548387105,2.0
France,2015,2,6.680357142857142,0.0
France,2015,3,11.883548387096774,0.0
France,2015,4,16.69966666666667,2.0
France,2015,5,18.055806451612895,0.0
France,2015,6,22.737333333333343,0.0
France,2015,7,25.814516129032263,2.0
France,2015,8,25.400967741935485,0.0
France,2015,9,19.252999999999997,0.0
France,2015,10,15.460967741935482,0.0
France,2015,11,13.361666666666666,13.0
France,2015,12,10.65870967741935,12.0
France,2016,1,7.242903225806452,0.0
France,2016,2,8.566206896551723,0.0
France,2016,3,10.24258064516129,0.0
France,2016,4,13.642666666666667,0.0
France,2016,5,18.474193548387095,0.0
France,2016,6,20.70966666666667,2.0
France,2016,7,23.733225806451618,0.0
France,2016,8,25.05806451612903,5.0
France,2016,9,23.01333333333333,5.0
France,2016,10,15.371935483870969,0.0
France,2016,11,9.819999999999999,0.0
France,2016,12,6.5277419354838715,0.0
France,2017,1,3.587096774193549,0.0
France,2017,2,9.800714285714287,2.0
France,2017,3,14.178064516129032,6.0
France,2017,4,15.193000000000001,0.0
France,2017,5,20.272258064516134,7.0
France,2017,6,24.672999999999995,5.0
France,2017,7,24.6583870967742,3.0
France,2017,8,24.229999999999997,0.0
France,2017,9,19.273,0.0
France,2017,10,18.228709677419353,5.0
France,2017,11,10.528666666666664,2.0
France,2017,12,7.032258064516129,2.0
France,2018,1,9.078387096774195,3.0
France,2018,2,4.208928571428572,0.0
France,2018,3,10.283225806451615,2.0
France,2018,4,17.434,6.0
France,2018,5,20.785161290322584,5.0
France,2018,6,22.984666666666673,2.0
France,2018,7,27.02290322580645,4.0
France,2018,8,25.946129032258074,5.0
France,2018,9,22.574666666666666,4.0
France,2018,10,18.1541935483871,11.0
France,2018,11,10.445666666666666,2.0
France,2018,12,8.281935483870969,10.0
France,2019,1,5.471290322580644,0.0
France,2019,2,11.231428571428571,13.0
France,2019,3,13.206451612903223,3.0
France,2019,4,15.951,6.0
France,2019,5,17.522903225806452,0.0
France,2019,6,23.79233333333333,10.0
France,2019,7,27.26806451612903,7.0
France,2019,8,25.81064516129032,3.0
France,2019,9,22.524000000000004,3.0
France,2019,10,16.583870967741937,3.0
France,2019,11,9.840666666666667,0.0
France,2019,12,8.538387096774194,2.0
France,2020,1,8.084193548387097,6.0
France,2020,2,11.201379310344828,8.0
France,2020,3,12.143548387096772,3.0
France,2020,4,19.182666666666663,12.0
France,2020,5,19.846129032258062,2.0
France,2020,6,21.99233333333333,4.0
France,2020,7,25.375483870967745,2.0
France,2020,8,27.317419354838716,8.0
France,2020,9,23.808999999999994,14.0
France,2020,10,15.447419354838708,0.0
France,2020,11,12.773333333333335,8.0
France,2020,12,7.725161290322579,3.0
France,2021,1,5.883548387096774,0.0
France,2021,2,9.108928571428573,8.0
France,2021,3,12.514193548387095,3.0
France,2021,4,13.548000000000004,0.0
France,2021,5,-275.96999999999997,0.0
Greece,2000,1,10.28677419354839,0.0
Greece,2000,2,12.777931034482759,0.0
Greece,2000,3,14.747096774193551,2.0
Greece,2000,4,19.307999999999996,8.0
Greece,2000,5,23.098064516129032,2.0
Greece,2000,6,26.980666666666668,3.0
Greece,2000,7,30.88806451612903,10.0
Greece,2000,8,29.02032258064516,0.0
Greece,2000,9,26.664999999999996,7.0
Greece,2000,10,21.23967741935484,0.0
Greece,2000,11,19.953333333333333,13.0
Greece,2000,12,15.064516129032256,2.0
Greece,2001,1,13.431612903225808,5.0
Greece,2001,2,13.708571428571428,4.0
Greece,2001,3,17.658709677419356,15.0
Greece,2001,4,17.927,5.0
Greece,2001,5,22.024193548387096,4.0
Greece,2001,6,27.257666666666676,0.0
Greece,2001,7,30.630000000000003,4.0
Greece,2001,8,29.919354838709666,2.0
Greece,2001,9,27.897666666666666,5.0
Greece,2001,10,23.517419354838704,7.0
Greece,2001,11,17.323666666666664,2.0
Greece,2001,12,11.301935483870968,0.0
Greece,2002,1,11.597741935483873,4.0
Greece,2002,2,14.831785714285715,5.0
Greece,2002,3,15.332258064516125,9.0
Greece,2002,4,17.229333333333333,0.0
Greece,2002,5,22.13,0.0
Greece,2002,6,27.002666666666666,0.0
Greece,2002,7,30.618387096774196,2.0
Greece,2002,8,29.723870967741938,6.0
Greece,2002,9,25.663999999999998,0.0
Greece,2002,10,22.62354838709677,0.0
Greece,2002,11,18.829999999999995,2.0
Greece,2002,12,13.339032258064515,2.0
Greece,2003,1,13.941612903225804,5.0
Greece,2003,2,8.821071428571427,0.0
Greece,2003,3,12.381290322580645,0.0
Greece,2003,4,15.545000000000003,0.0
Greece,2003,5,22.991935483870968,0.0
Greece,2003,6,27.854666666666674,4.0
Greece,2003,7,30.47612903225807,2.0
Greece,2003,8,30.479999999999997,5.0
Greece,2003,9,26.110999999999997,2.0
Greece,2003,10,23.524838709677425,2.0
Greece,2003,11,17.824,4.0
Greece,2003,12,13.683870967741933,2.0
Greece,2004,1,11.730645161290324,0.0
Greece,2004,2,12.971034482758622,6.0
Greece,2004,3,14.49483870967742,0.0
Greece,2004,4,17.273,0.0
Greece,2004,5,21.05870967741935,0.0
Greece,2004,6,26.936333333333334,0.0
Greece,2004,7,29.207741935483874,2.0
Greece,2004,8,30.045806451612908,0.0
Greece,2004,9,26.18266666666667,0.0
Greece,2004,10,23.375483870967745,4.0
Greece,2004,11,18.16433333333333,6.0
Greece,2004,12,15.08064516129032,4.0
Greece,2005,1,12.91451612903226,0.0
Greece,2005,2,11.697857142857142,0.0
Greece,2005,3,14.801612903225807,6.0
Greece,2005,4,17.419999999999998,3.0
Greece,2005,5,22.65387096774193,0.0
Greece,2005,6,26.039666666666665,0.0
Greece,2005,7,29.99645161290323,4.0
Greece,2005,8,30.060322580645156,5.0
Greece,2005,9,26.381999999999998,0.0
Greece,2005,10,21.113870967741935,0.0
Greece,2005,11,17.23,0.0
Greece,2005,12,14.390967741935487,7.0
Greece,2006,1,10.35290322580645,0.0
Greece,2006,2,12.405000000000001,0.0
Greece,2006,3,14.662903225806454,2.0
Greece,2006,4,17.892,0.0
Greece,2006,5,22.441935483870967,9.0
Greece,2006,6,26.98066666666667,2.0
Greece,2006,7,27.80903225806451,0.0
Greece,2006,8,30.98225806451613,5.0
Greece,2006,9,25.849333333333334,0.0
Greece,2006,10,21.397419354838707,2.0
Greece,2006,11,16.72933333333333,0.0
Greece,2006,12,13.70774193548387,0.0
Greece,2007,1,14.617741935483872,7.0
Greece,2007,2,12.987857142857141,0.0
Greece,2007,3,15.17290322580645,2.0
Greece,2007,4,18.225666666666665,2.0
Greece,2007,5,23.00516129032258,2.0
Greece,2007,6,29.285333333333327,14.0
Greece,2007,7,30.91096774193548,4.0
Greece,2007,8,30.830322580645166,6.0
Greece,2007,9,26.86433333333334,4.0
Greece,2007,10,22.31064516129033,2.0
Greece,2007,11,17.399,2.0
Greece,2007,12,13.106129032258067,0.0
Greece,2008,1,12.249677419354839,0.0
Greece,2008,2,12.622758620689655,3.0
Greece,2008,3,16.718064516129033,5.0
Greece,2008,4,18.165333333333333,2.0
Greece,2008,5,22.733225806451614,6.0
Greece,2008,6,27.613999999999994,2.0
Greece,2008,7,30.11709677419355,2.0
Greece,2008,8,30.322258064516134,3.0
Greece,2008,9,26.080333333333332,8.0
Greece,2008,10,22.332580645161293,2.0
Greece,2008,11,18.91233333333333,5.0
Greece,2008,12,14.495806451612903,7.0
Greece,2009,1,13.766774193548388,6.0
Greece,2009,2,11.9975,5.0
Greece,2009,3,14.585483870967744,0.0
Greece,2009,4,17.363999999999997,0.0
Greece,2009,5,22.924516129032256,3.0
Greece,2009,6,27.430333333333337,0.0
Greece,2009,7,30.473225806451616,5.0
Greece,2009,8,29.11612903225806,0.0
Greece,2009,9,25.578333333333333,3.0
Greece,2009,10,22.768709677419356,2.0
Greece,2009,11,19.046,2.0
Greece,2009,12,16.07290322580645,2.0
Greece,2010,1,12.893225806451614,6.0
Greece,2010,2,14.831428571428573,9.0
Greece,2010,3,15.75451612903226,0.0
Greece,2010,4,18.670333333333335,0.0
Greece,2010,5,23.669354838709683,5.0
Greece,2010,6,27.169666666666668,4.0
Greece,2010,7,30.368709677419357,4.0
Greece,2010,8,31.966129032258074,17.0
Greece,2010,9,27.447,4.0
Greece,2010,10,21.446129032258064,0.0
Greece,2010,11,20.260999999999992,7.0
Greece,2010,12,15.75516129032258,12.0
Greece,2011,1,13.104838709677425,0.0
Greece,2011,2,13.247142857142856,5.0
Greece,2011,3,13.85225806451613,0.0
Greece,2011,4,16.422333333333338,0.0
Greece,2011,5,21.02064516129032,0.0
Greece,2011,6,26.753666666666668,0.0
Greece,2011,7,30.756774193548377,4.0
Greece,2011,8,29.863548387096778,0.0
Greece,2011,9,28.237333333333325,13.0
Greece,2011,10,20.36032258064516,0.0
Greece,2011,11,15.153666666666668,0.0
Greece,2011,12,14.92677419354839,8.0
Greece,2012,1,10.814193548387095,0.0
Greece,2012,2,12.059310344827587,0.0
Greece,2012,3,15.02258064516129,5.0
Greece,2012,4,19.033,5.0
Greece,2012,5,23.36064516129032,0.0
Greece,2012,6,28.429333333333336,3.0
Greece,2012,7,31.801290322580638,14.0
Greece,2012,8,31.357096774193547,12.0
Greece,2012,9,28.044666666666668,7.0
Greece,2012,10,24.909032258064517,13.0
Greece,2012,11,19.689,7.0
Greece,2012,12,14.745806451612905,5.0
Greece,2013,1,13.761290322580644,3.0
Greece,2013,2,14.007499999999999,7.0
Greece,2013,3,15.517096774193547,2.0
Greece,2013,4,18.991333333333333,6.0
Greece,2013,5,24.35032258064516,5.0
Greece,2013,6,27.411666666666665,2.0
Greece,2013,7,29.585806451612903,0.0
Greece,2013,8,29.82838709677419,4.0
Greece,2013,9,27.749000000000002,3.0
Greece,2013,10,22.554516129032258,0.0
Greece,2013,11,19.32166666666666,10.0
Greece,2013,12,13.754193548387097,2.0
Greece,2014,1,14.828064516129032,9.0
Greece,2014,2,14.570357142857144,10.0
Greece,2014,3,15.584516129032258,3.0
Greece,2014,4,18.413666666666664,4.0
Greece,2014,5,22.52,3.0
Greece,2014,6,27.34666666666667,3.0
Greece,2014,7,29.886451612903222,0.0
Greece,2014,8,31.378709677419355,13.0
Greece,2014,9,27.13366666666666,3.0
Greece,2014,10,22.033870967741937,3.0
Greece,2014,11,17.834999999999997,3.0
Greece,2014,12,15.589032258064513,6.0
Greece,2015,1,12.868709677419353,4.0
Greece,2015,2,12.343571428571426,2.0
Greece,2015,3,14.069032258064516,0.0
Greece,2015,4,17.509,3.0
Greece,2015,5,23.151935483870968,0.0
Greece,2015,6,25.901333333333334,0.0
Greece,2015,7,29.759354838709672,5.0
Greece,2015,8,30.203225806451613,0.0
Greece,2015,9,28.046000000000006,6.0
Greece,2015,10,22.154516129032253,0.0
Greece,2015,11,19.882666666666662,8.0
Greece,2015,12,14.831935483870968,2.0
Greece,2016,1,13.689354838709678,15.0
Greece,2016,2,16.160689655172416,21.0
Greece,2016,3,15.636129032258061,2.0
Greece,2016,4,20.95533333333334,18.0
Greece,2016,5,22.86064516129032,4.0
Greece,2016,6,28.539333333333335,6.0
Greece,2016,7,30.115806451612894,0.0
Greece,2016,8,29.861612903225808,0.0
Greece,2016,9,26.601333333333336,0.0
Greece,2016,10,22.51612903225806,3.0
Greece,2016,11,18.386666666666667,8.0
Greece,2016,12,12.372580645161289,2.0
Greece,2017,1,11.033225806451616,0.0
Greece,2017,2,13.73857142857143,6.0
Greece,2017,3,16.226129032258065,7.0
Greece,2017,4,18.731999999999996,4.0
Greece,2017,5,23.307741935483868,2.0
Greece,2017,6,27.776333333333334,7.0
Greece,2017,7,30.441290322580652,8.0
Greece,2017,8,29.96838709677419,3.0
Greece,2017,9,27.91733333333333,11.0
Greece,2017,10,22.846451612903223,0.0
Greece,2017,11,18.059000000000005,0.0
Greece,2017,12,15.210967741935484,9.0
Greece,2018,1,13.691612903225804,2.0
Greece,2018,2,14.171785714285713,0.0
Greece,2018,3,16.584193548387102,0.0
Greece,2018,4,20.712666666666664,15.0
Greece,2018,5,24.147096774193546,0.0
Greece,2018,6,27.790666666666663,2.0
Greece,2018,7,30.72322580645161,5.0
Greece,2018,8,29.97193548387097,0.0
Greece,2018,9,27.346666666666668,6.0
Greece,2018,10,21.970967741935485,0.0
Greece,2018,11,18.470999999999997,3.0
Greece,2018,12,13.844193548387093,0.0
Greece,2019,1,12.158064516129034,0.0
Greece,2019,2,12.729642857142858,0.0
Greece,2019,3,15.623225806451611,2.0
Greece,2019,4,17.104666666666663,0.0
Greece,2019,5,21.94193548387097,2.0
Greece,2019,6,28.43366666666667,6.0
Greece,2019,7,30.050322580645165,4.0
Greece,2019,8,30.288387096774194,3.0
Greece,2019,9,27.45633333333333,0.0
Greece,2019,10,24.481612903225802,4.0
Greece,2019,11,20.802,14.0
Greece,2019,12,15.581290322580644,10.0
Greece,2020,1,12.51032258064516,2.0
Greece,2020,2,14.27586206896552,10.0
Greece,2020,3,15.555161290322582,2.0
Greece,2020,4,17.008666666666663,2.0
Greece,2020,5,22.863548387096774,5.0
Greece,2020,6,26.653666666666663,0.0
Greece,2020,7,29.73838709677419,0.0
Greece,2020,8,30.414193548387097,2.0
Greece,2020,9,28.076666666666668,6.0
Greece,2020,10,24.384838709677414,6.0
Greece,2020,11,18.21066666666667,0.0
Greece,2020,12,16.203548387096774,10.0
Greece,2021,1,14.367741935483867,12.0
Greece,2021,2,14.56571428571429,15.0
Greece,2021,3,14.665483870967742,0.0
Greece,2021,4,18.241666666666667,2.0
Greece,2021,5,-267.62,0.0
Romania,2000,1,-2.6867741935483864,0.0
Romania,2000,2,3.576206896551724,0.0
Romania,2000,3,7.450967741935482,3.0
Romania,2000,4,15.667000000000002,3.0
Romania,2000,5,20.839999999999996,2.0
Romania,2000,6,25.607333333333333,7.0
Romania,2000,7,29.353548387096772,12.0
Romania,2000,8,29.157096774193548,4.0
Romania,2000,9,21.708000000000006,0.0
Romania,2000,10,16.946774193548382,0.0
Romania,2000,11,14.675666666666665,11.0
Romania,2000,12,7.387096774193547,10.0
Romania,2001,1,4.013870967741934,5.0
Romania,2001,2,5.7821428571428575,4.0
Romania,2001,3,13.703870967741935,9.0
Romania,2001,4,13.37433333333333,0.0
Romania,2001,5,19.18612903225807,0.0
Romania,2001,6,22.687333333333324,2.0
Romania,2001,7,27.24903225806451,0.0
Romania,2001,8,28.71064516129032,6.0
Romania,2001,9,22.38466666666667,0.0
Romania,2001,10,19.00354838709677,6.0
Romania,2001,11,7.797666666666668,2.0
Romania,2001,12,-2.8977419354838725,0.0
Romania,2002,1,1.1325806451612903,3.0
Romania,2002,2,10.450714285714286,12.0
Romania,2002,3,11.12258064516129,6.0
Romania,2002,4,12.483333333333336,0.0
Romania,2002,5,20.48548387096774,2.0
Romania,2002,6,24.97066666666667,4.0
Romania,2002,7,27.127096774193546,2.0
Romania,2002,8,23.51193548387097,0.0
Romania,2002,9,19.573000000000004,0.0
Romania,2002,10,14.941290322580649,0.0
Romania,2002,11,11.091,4.0
Romania,2002,12,1.0735483870967741,0.0
Romania,2003,1,2.406129032258064,0.0
Romania,2003,2,-1.9925000000000008,0.0
Romania,2003,3,6.584193548387097,0.0
Romania,2003,4,10.780999999999999,2.0
Romania,2003,5,21.98096774193549,10.0
Romania,2003,6,25.480666666666668,2.0
Romania,2003,7,27.321935483870966,0.0
Romania,2003,8,29.21322580645161,6.0
Romania,2003,9,20.890666666666668,0.0
Romania,2003,10,14.605161290322581,4.0
Romania,2003,11,10.542666666666669,2.0
Romania,2003,12,3.1622580645161293,0.0
Romania,2004,1,0.17387096774193556,0.0
Romania,2004,2,4.385172413793104,5.0
Romania,2004,3,8.816129032258065,4.0
Romania,2004,4,14.844666666666667,0.0
Romania,2004,5,17.460645161290326,0.0
Romania,2004,6,22.56866666666667,0.0
Romania,2004,7,26.87258064516129,2.0
Romania,2004,8,26.355161290322574,2.0
Romania,2004,9,23.17866666666666,4.0
Romania,2004,10,18.31612903225807,0.0
Romania,2004,11,9.671,3.0
Romania,2004,12,4.8738709677419365,4.0
Romania,2005,1,2.386774193548387,0.0
Romania,2005,2,0.42321428571428565,0.0
Romania,2005,3,7.159032258064516,0.0
Romania,2005,4,14.113,2.0
Romania,2005,5,19.139032258064514,0.0
Romania,2005,6,21.612666666666666,0.0
Romania,2005,7,25.224838709677424,0.0
Romania,2005,8,23.971935483870972,0.0
Romania,2005,9,20.108999999999998,0.0
Romania,2005,10,14.179032258064515,0.0
Romania,2005,11,8.046999999999999,0.0
Romania,2005,12,3.0993548387096777,2.0
Romania,2006,1,-0.5770967741935487,0.0
Romania,2006,2,2.976428571428572,2.0
Romania,2006,3,7.848709677419354,2.0
Romania,2006,4,14.328666666666667,0.0
Romania,2006,5,18.710967741935484,2.0
Romania,2006,6,21.668000000000003,3.0
Romania,2006,7,25.145161290322584,0.0
Romania,2006,8,26.84903225806452,4.0
Romania,2006,9,21.82533333333333,0.0
Romania,2006,10,17.333548387096773,5.0
Romania,2006,11,9.853666666666667,0.0
Romania,2006,12,5.649999999999999,8.0
Romania,2007,1,7.201612903225807,12.0
Romania,2007,2,6.591071428571429,3.0
Romania,2007,3,10.510322580645164,0.0
Romania,2007,4,15.875333333333334,0.0
Romania,2007,5,21.183225806451613,7.0
Romania,2007,6,25.422666666666665,7.0
Romania,2007,7,30.89258064516128,13.0
Romania,2007,8,27.417741935483864,6.0
Romania,2007,9,20.259000000000004,0.0
Romania,2007,10,15.414193548387095,0.0
Romania,2007,11,6.351000000000002,0.0
Romania,2007,12,2.1700000000000004,0.0
Romania,2008,1,2.297096774193548,0.0
Romania,2008,2,5.50241379310345,3.0
Romania,2008,3,10.507741935483873,0.0
Romania,2008,4,14.326000000000002,2.0
Romania,2008,5,19.231290322580644,6.0
Romania,2008,6,24.139666666666667,4.0
Romania,2008,7,26.891290322580645,0.0
Romania,2008,8,29.26161290322581,5.0
Romania,2008,9,21.180666666666664,7.0
Romania,2008,10,17.442258064516132,0.0
Romania,2008,11,10.903999999999998,6.0
Romania,2008,12,4.282258064516129,6.0
Romania,2009,1,2.0599999999999996,0.0
Romania,2009,2,2.510714285714284,2.0
Romania,2009,3,6.719354838709679,2.0
Romania,2009,4,14.88166666666667,0.0
Romania,2009,5,20.05645161290322,2.0
Romania,2009,6,24.110333333333337,3.0
Romania,2009,7,25.97838709677419,2.0
Romania,2009,8,26.286451612903228,0.0
Romania,2009,9,21.439,3.0
Romania,2009,10,15.975483870967741,4.0
Romania,2009,11,12.589666666666668,6.0
Romania,2009,12,5.553225806451614,2.0
Romania,2010,1,1.9448387096774196,4.0
Romania,2010,2,4.057857142857143,2.0
Romania,2010,3,8.006129032258064,6.0
Romania,2010,4,13.475999999999999,0.0
Romania,2010,5,19.37645161290323,0.0
Romania,2010,6,22.675000000000004,5.0
Romania,2010,7,25.105806451612903,0.0
Romania,2010,8,29.164193548387093,4.0
Romania,2010,9,22.379000000000005,2.0
Romania,2010,10,12.771935483870967,0.0
Romania,2010,11,14.611000000000002,12.0
Romania,2010,12,4.233870967741935,9.0
Romania,2011,1,3.1880645161290317,2.0
Romania,2011,2,4.127857142857144,0.0
Romania,2011,3,8.11,2.0
Romania,2011,4,12.670666666666667,0.0
Romania,2011,5,18.402580645161287,0.0
Romania,2011,6,23.473000000000003,2.0
Romania,2011,7,27.843548387096774,4.0
Romania,2011,8,28.303870967741926,2.0
Romania,2011,9,26.405333333333335,7.0
Romania,2011,10,14.613870967741939,4.0
Romania,2011,11,8.600666666666665,0.0
Romania,2011,12,5.305161290322581,6.0
Romania,2012,1,-1.3909677419354838,0.0
Romania,2012,2,-2.68,0.0
Romania,2012,3,9.389999999999999,2.0
Romania,2012,4,14.95433333333333,3.0
Romania,2012,5,18.383870967741938,0.0
Romania,2012,6,26.168,4.0
Romania,2012,7,31.449354838709674,12.0
Romania,2012,8,29.82838709677419,10.0
Romania,2012,9,26.008333333333333,10.0
Romania,2012,10,20.157741935483866,4.0
Romania,2012,11,12.25366666666667,4.0
Romania,2012,12,1.9890322580645163,0.0
Romania,2013,1,2.8577419354838707,2.0
Romania,2013,2,5.077500000000001,0.0
Romania,2013,3,8.946451612903225,0.0
Romania,2013,4,15.424666666666665,7.0
Romania,2013,5,21.968387096774194,7.0
Romania,2013,6,23.463,6.0
Romania,2013,7,25.537096774193543,2.0
Romania,2013,8,28.970322580645163,2.0
Romania,2013,9,22.42466666666666,0.0
Romania,2013,10,18.649354838709673,2.0
Romania,2013,11,12.28533333333333,9.0
Romania,2013,12,4.81741935483871,2.0
Romania,2014,1,7.273548387096774,16.0
Romania,2014,2,9.955714285714285,11.0
Romania,2014,3,12.296774193548389,8.0
Romania,2014,4,14.528666666666668,0.0
Romania,2014,5,17.55999999999999,0.0
Romania,2014,6,21.543333333333337,0.0
Romania,2014,7,25.118387096774192,0.0
Romania,2014,8,26.139677419354843,0.0
Romania,2014,9,19.886,0.0
Romania,2014,10,14.486129032258061,0.0
Romania,2014,11,9.752666666666666,0.0
Romania,2014,12,3.9561290322580644,2.0
Romania,2015,1,2.505483870967742,3.0
Romania,2015,2,3.594285714285714,0.0
Romania,2015,3,6.028709677419356,0.0
Romania,2015,4,11.984666666666667,0.0
Romania,2015,5,19.853548387096772,0.0
Romania,2015,6,21.48166666666667,0.0
Romania,2015,7,28.81483870967742,4.0
Romania,2015,8,28.44935483870967,0.0
Romania,2015,9,24.749000000000002,11.0
Romania,2015,10,14.661290322580644,0.0
Romania,2015,11,12.303666666666665,5.0
Romania,2015,12,6.669032258064516,5.0
Romania,2016,1,1.358709677419355,2.0
Romania,2016,2,10.209310344827585,10.0
Romania,2016,3,9.589999999999998,2.0
Romania,2016,4,17.897333333333332,10.0
Romania,2016,5,17.212580645161296,2.0
Romania,2016,6,24.432000000000002,6.0
Romania,2016,7,28.0,2.0
Romania,2016,8,27.165483870967744,0.0
Romania,2016,9,23.02233333333333,0.0
Romania,2016,10,14.83548387096774,3.0
Romania,2016,11,10.099666666666666,3.0
Romania,2016,12,1.794838709677419,0.0
Romania,2017,1,-3.582903225806451,0.0
Romania,2017,2,6.0528571428571425,4.0
Romania,2017,3,11.764193548387095,7.0
Romania,2017,4,14.202666666666667,3.0
Romania,2017,5,18.883870967741935,0.0
Romania,2017,6,25.130333333333336,8.0
Romania,2017,7,28.069677419354843,4.0
Romania,2017,8,29.259032258064515,9.0
Romania,2017,9,23.714999999999993,9.0
Romania,2017,10,16.237741935483868,2.0
Romania,2017,11,9.256333333333334,0.0
Romania,2017,12,4.079032258064516,0.0
Romania,2018,1,4.428064516129032,3.0
Romania,2018,2,3.6396428571428574,0.0
Romania,2018,3,8.991290322580646,2.0
Romania,2018,4,18.954000000000004,16.0
Romania,2018,5,21.177741935483866,0.0
Romania,2018,6,22.87566666666667,0.0
Romania,2018,7,23.580322580645156,0.0
Romania,2018,8,26.635806451612904,0.0
Romania,2018,9,23.291666666666664,2.0
Romania,2018,10,19.189677419354844,2.0
Romania,2018,11,10.520333333333333,6.0
Romania,2018,12,2.5570967741935484,0.0
Romania,2019,1,0.555483870967742,0.0
Romania,2019,2,5.322499999999998,2.0
Romania,2019,3,12.331612903225805,3.0
Romania,2019,4,14.926000000000004,4.0
Romania,2019,5,18.972580645161294,0.0
Romania,2019,6,24.87133333333333,2.0
Romania,2019,7,27.34645161290323,2.0
Romania,2019,8,29.79935483870967,5.0
Romania,2019,9,24.67166666666666,3.0
Romania,2019,10,21.494516129032256,18.0
Romania,2019,11,14.166000000000004,11.0
Romania,2019,12,6.375483870967742,8.0
Romania,2020,1,3.806774193548387,0.0
Romania,2020,2,6.966206896551723,4.0
Romania,2020,3,9.417741935483871,4.0
Romania,2020,4,13.683,2.0
Romania,2020,5,18.884838709677418,6.0
Romania,2020,6,21.970000000000002,0.0
Romania,2020,7,26.500967741935483,0.0
Romania,2020,8,27.63483870967742,0.0
Romania,2020,9,25.588666666666665,5.0
Romania,2020,10,17.94483870967742,4.0
Romania,2020,11,10.839,0.0
Romania,2020,12,6.906451612903226,5.0
Romania,2021,1,2.0177419354838713,2.0
Romania,2021,2,7.4157142857142855,11.0
Romania,2021,3,5.928709677419355,0.0
Romania,2021,4,11.947999999999999,2.0
Romania,2021,5,-270.1842857142857,0.0
Russia,2000,1,-8.00967741935484,0.0
Russia,2000,2,-3.1589655172413793,2.0
Russia,2000,3,-0.6770967741935481,0.0
Russia,2000,4,12.928666666666668,8.0
Russia,2000,5,14.40870967741936,4.0
Russia,2000,6,19.226333333333333,0.0
Russia,2000,7,22.647419354838703,0.0
Russia,2000,8,20.46548387096774,0.0
Russia,2000,9,14.078666666666667,0.0
Russia,2000,10,9.624516129032259,6.0
Russia,2000,11,0.04999999999999905,6.0
Russia,2000,12,-4.22483870967742,2.0
Russia,2001,1,-6.015161290322582,0.0
Russia,2001,2,-6.365,0.0
Russia,2001,3,-1.7374193548387098,0.0
Russia,2001,4,10.43866666666667,5.0
Russia,2001,5,14.740967741935481,0.0
Russia,2001,6,19.579333333333338,0.0
Russia,2001,7,25.93935483870967,9.0
Russia,2001,8,20.614193548387096,2.0
Russia,2001,9,16.477666666666668,2.0
Russia,2001,10,6.47290322580645,2.0
Russia,2001,11,-0.24799999999999975,4.0
Russia,2001,12,-11.50096774193548,0.0
Russia,2002,1,-5.34258064516129,5.0
Russia,2002,2,-0.9367857142857143,7.0
Russia,2002,3,1.7145161290322581,6.0
Russia,2002,4,10.879666666666669,0.0
Russia,2002,5,16.853870967741933,0.0
Russia,2002,6,20.66833333333333,0.0
Russia,2002,7,26.63806451612903,17.0
Russia,2002,8,23.41516129032258,9.0
Russia,2002,9,16.85833333333333,9.0
Russia,2002,10,3.978064516129034,0.0
Russia,2002,11,-1.7446666666666668,0.0
Russia,2002,12,-12.056451612903224,0.0
Russia,2003,1,-7.414838709677419,0.0
Russia,2003,2,-8.25678571428571,0.0
Russia,2003,3,-1.7970967741935486,0.0
Russia,2003,4,7.1259999999999994,0.0
Russia,2003,5,18.83709677419355,2.0
Russia,2003,6,16.119666666666667,0.0
Russia,2003,7,23.99548387096774,2.0
Russia,2003,8,20.605161290322584,4.0
Russia,2003,9,15.527000000000003,0.0
Russia,2003,10,7.103870967741935,5.0
Russia,2003,11,0.5583333333333332,0.0
Russia,2003,12,-3.829677419354839,0.0
Russia,2004,1,-7.5774193548387085,0.0
Russia,2004,2,-6.973103448275864,0.0
Russia,2004,3,0.7341935483870967,6.0
Russia,2004,4,7.829,0.0
Russia,2004,5,15.2658064516129,0.0
Russia,2004,6,18.43933333333333,0.0
Russia,2004,7,22.141290322580645,0.0
Russia,2004,8,22.520322580645168,4.0
Russia,2004,9,15.918666666666669,2.0
Russia,2004,10,8.036129032258064,0.0
Russia,2004,11,-1.7049999999999992,6.0
Russia,2004,12,-4.7054838709677425,0.0
Russia,2005,1,-4.690967741935483,6.0
Russia,2005,2,-9.267499999999998,0.0
Russia,2005,3,-4.949999999999999,0.0
Russia,2005,4,7.049333333333333,0.0
Russia,2005,5,18.031935483870967,4.0
Russia,2005,6,19.285000000000004,0.0
Russia,2005,7,22.50677419354838,0.0
Russia,2005,8,21.588064516129034,0.0
Russia,2005,9,17.013333333333332,2.0
Russia,2005,10,9.777419354838708,7.0
Russia,2005,11,1.6680000000000001,5.0
Russia,2005,12,-4.924838709677421,2.0
Russia,2006,1,-11.350967741935486,0.0
Russia,2006,2,-11.796428571428573,0.0
Russia,2006,3,-2.5625806451612894,0.0
Russia,2006,4,8.037333333333333,0.0
Russia,2006,5,16.380645161290325,0.0
Russia,2006,6,21.831,6.0
Russia,2006,7,21.221935483870965,4.0
Russia,2006,8,20.96290322580645,0.0
Russia,2006,9,17.444666666666667,2.0
Russia,2006,10,8.71838709677419,4.0
Russia,2006,11,-0.5293333333333331,0.0
Russia,2006,12,0.5648387096774193,17.0
Russia,2007,1,-2.629354838709677,13.0
Russia,2007,2,-10.320357142857144,0.0
Russia,2007,3,5.356451612903225,16.0
Russia,2007,4,8.361333333333336,0.0
Russia,2007,5,19.13967741935484,12.0
Russia,2007,6,20.469666666666672,2.0
Russia,2007,7,22.494838709677417,2.0
Russia,2007,8,24.68032258064516,14.0
Russia,2007,9,16.868000000000002,6.0
Russia,2007,10,9.328709677419356,4.0
Russia,2007,11,-1.5076666666666667,2.0
Russia,2007,12,-4.4954838709677425,2.0
Russia,2008,1,-8.142258064516126,0.0
Russia,2008,2,-2.2803448275862084,7.0
Russia,2008,3,1.5416129032258066,7.0
Russia,2008,4,13.111333333333333,4.0
Russia,2008,5,14.973548387096779,0.0
Russia,2008,6,19.002666666666666,0.0
Russia,2008,7,22.37741935483871,4.0
Russia,2008,8,21.446451612903232,6.0
Russia,2008,9,14.32566666666667,5.0
Russia,2008,10,10.459677419354835,5.0
Russia,2008,11,2.5249999999999995,7.0
Russia,2008,12,-3.397096774193548,8.0
Russia,2009,1,-6.741290322580644,0.0
Russia,2009,2,-5.468928571428571,0.0
Russia,2009,3,-0.6548387096774194,0.0
Russia,2009,4,7.694333333333333,4.0
Russia,2009,5,17.31322580645161,0.0
Russia,2009,6,20.48,3.0
Russia,2009,7,22.325806451612905,0.0
Russia,2009,8,19.842903225806452,0.0
Russia,2009,9,17.695666666666668,5.0
Russia,2009,10,7.986451612903227,0.0
Russia,2009,11,0.9956666666666668,0.0
Russia,2009,12,-5.878064516129033,6.0
Russia,2010,1,-15.646774193548389,0.0
Russia,2010,2,-8.496785714285716,0.0
Russia,2010,3,-1.476129032258065,2.0
Russia,2010,4,11.38833333333333,0.0
Russia,2010,5,19.92645161290322,5.0
Russia,2010,6,22.253666666666664,8.0
Russia,2010,7,28.88677419354838,23.0
Russia,2010,8,25.57774193548388,16.0
Russia,2010,9,15.771999999999998,0.0
Russia,2010,10,6.541290322580645,0.0
Russia,2010,11,2.3633333333333324,14.0
Russia,2010,12,-9.080645161290324,2.0
Russia,2011,1,-8.855483870967742,0.0
Russia,2011,2,-10.539285714285713,0.0
Russia,2011,3,-1.6667741935483873,0.0
Russia,2011,4,7.358666666666665,2.0
Russia,2011,5,18.181612903225815,3.0
Russia,2011,6,22.128666666666664,4.0
Russia,2011,7,26.328064516129032,8.0
Russia,2011,8,23.17290322580645,10.0
Russia,2011,9,15.706666666666665,0.0
Russia,2011,10,8.527741935483869,2.0
Russia,2011,11,-0.07199999999999997,4.0
Russia,2011,12,-2.1158064516129027,9.0
Russia,2012,1,-9.18548387096774,2.0
Russia,2012,2,-11.138965517241381,0.0
Russia,2012,3,-2.4896774193548374,0.0
Russia,2012,4,8.421999999999999,6.0
Russia,2012,5,19.021290322580644,3.0
Russia,2012,6,20.322,0.0
Russia,2012,7,23.9258064516129,2.0
Russia,2012,8,21.311935483870972,3.0
Russia,2012,9,16.413,3.0
Russia,2012,10,8.433870967741935,4.0
Russia,2012,11,1.262333333333333,3.0
Russia,2012,12,-10.41,0.0
Russia,2013,1,-10.376451612903224,0.0
Russia,2013,2,-3.673928571428571,0.0
Russia,2013,3,-5.274838709677421,0.0
Russia,2013,4,6.948000000000001,0.0
Russia,2013,5,20.067096774193548,11.0
Russia,2013,6,22.792666666666666,6.0
Russia,2013,7,21.840322580645164,3.0
Russia,2013,8,22.08129032258065,3.0
Russia,2013,9,12.565666666666665,0.0
Russia,2013,10,8.20290322580645,0.0
Russia,2013,11,3.8853333333333335,13.0
Russia,2013,12,-2.7577419354838706,2.0
Russia,2014,1,-10.29774193548387,4.0
Russia,2014,2,-3.1135714285714293,2.0
Russia,2014,3,2.6877419354838703,7.0
Russia,2014,4,9.775000000000002,5.0
Russia,2014,5,19.062903225806455,10.0
Russia,2014,6,19.235999999999997,4.0
Russia,2014,7,24.34193548387097,4.0
Russia,2014,8,23.52419354838709,12.0
Russia,2014,9,17.61233333333333,7.0
Russia,2014,10,5.614193548387096,4.0
Russia,2014,11,-1.0543333333333336,3.0
Russia,2014,12,-4.733548387096774,2.0
Russia,2015,1,-5.660967741935483,5.0
Russia,2015,2,-3.1825,0.0
Russia,2015,3,1.1393548387096775,4.0
Russia,2015,4,8.664666666666667,2.0
Russia,2015,5,17.965806451612906,7.0
Russia,2015,6,21.00133333333333,0.0
Russia,2015,7,21.718387096774197,0.0
Russia,2015,8,22.436774193548395,5.0
Russia,2015,9,18.795999999999996,8.0
Russia,2015,10,6.651612903225808,2.0
Russia,2015,11,0.5556666666666673,5.0
Russia,2015,12,-0.7483870967741936,12.0
Russia,2016,1,-9.954193548387096,4.0
Russia,2016,2,-1.247241379310345,2.0
Russia,2016,3,-0.30580645161290326,0.0
Russia,2016,4,10.645666666666667,0.0
Russia,2016,5,18.435806451612912,5.0
Russia,2016,6,21.130999999999997,7.0
Russia,2016,7,24.140000000000004,2.0
Russia,2016,8,23.17064516129032,6.0
Russia,2016,9,14.277333333333333,0.0
Russia,2016,10,6.216129032258065,3.0
Russia,2016,11,-3.588333333333334,0.0
Russia,2016,12,-5.719032258064516,0.0
Russia,2017,1,-8.524516129032257,2.0
Russia,2017,2,-4.9296428571428565,6.0
Russia,2017,3,1.1419354838709677,2.0
Russia,2017,4,7.971333333333334,2.0
Russia,2017,5,14.138709677419357,0.0
Russia,2017,6,17.882333333333335,0.0
Russia,2017,7,21.039032258064513,0.0
Russia,2017,8,22.354838709677416,7.0
Russia,2017,9,16.71666666666666,3.0
Russia,2017,10,6.370967741935484,0.0
Russia,2017,11,-0.5653333333333335,0.0
Russia,2017,12,-2.08,6.0
Russia,2018,1,-6.327419354838711,0.0
Russia,2018,2,-8.589642857142856,0.0
Russia,2018,3,-4.207419354838711,0.0
Russia,2018,4,9.264333333333333,2.0
Russia,2018,5,19.286774193548386,0.0
Russia,2018,6,20.485666666666667,2.0
Russia,2018,7,22.917741935483875,0.0
Russia,2018,8,23.611935483870965,8.0
Russia,2018,9,18.649333333333328,12.0
Russia,2018,10,9.918709677419356,8.0
Russia,2018,11,-0.3173333333333331,4.0
Russia,2018,12,-8.290645161290323,0.0
Russia,2019,1,-8.097096774193549,0.0
Russia,2019,2,-1.8942857142857144,2.0
Russia,2019,3,0.0012903225806451338,0.0
Russia,2019,4,10.998999999999999,5.0
Russia,2019,5,19.671290322580642,3.0
Russia,2019,6,22.607666666666667,7.0
Russia,2019,7,19.81709677419355,0.0
Russia,2019,8,20.409354838709678,0.0
Russia,2019,9,16.128666666666664,12.0
Russia,2019,10,10.566129032258063,8.0
Russia,2019,11,2.11,9.0
Russia,2019,12,-0.6180645161290321,10.0
Russia,2020,1,-1.1567741935483873,8.0
Russia,2020,2,-1.3541379310344825,10.0
Russia,2020,3,4.9396774193548385,20.0
Russia,2020,4,6.948666666666667,0.0
Russia,2020,5,14.27838709677419,0.0
Russia,2020,6,21.205000000000002,4.0
Russia,2020,7,21.680967741935483,0.0
Russia,2020,8,20.328387096774193,0.0
Russia,2020,9,16.915000000000003,0.0
Russia,2020,10,10.999032258064517,10.0
Russia,2020,11,1.3490000000000002,8.0
Russia,2020,12,-6.910322580645162,0.0
Russia,2021,1,-7.871935483870969,2.0
Russia,2021,2,-10.469285714285716,2.0
Russia,2021,3,-1.9296774193548385,0.0
Russia,2021,4,8.282666666666666,2.0
Russia,2021,5,-277.2642857142857,0.0
Spain,2000,1,8.65741935483871,2.0
Spain,2000,2,15.71862068965517,11.0
Spain,2000,3,17.087419354838712,4.0
Spain,2000,4,15.038,0.0
Spain,2000,5,23.356451612903225,2.0
Spain,2000,6,30.179000000000006,0.0
Spain,2000,7,32.12838709677419,0.0
Spain,2000,8,32.48032258064516,4.0
Spain,2000,9,28.646333333333338,4.0
Spain,2000,10,20.582580645161286,5.0
Spain,2000,11,12.407666666666668,0.0
Spain,2000,12,9.89,0.0
Spain,2001,1,9.45451612903226,0.0
Spain,2001,2,11.860714285714284,0.0
Spain,2001,3,15.380967741935478,0.0
Spain,2001,4,18.639333333333337,0.0
Spain,2001,5,22.280645161290323,7.0
Spain,2001,6,31.567666666666664,6.0
Spain,2001,7,32.44387096774194,0.0
Spain,2001,8,33.586451612903225,2.0
Spain,2001,9,27.517333333333337,2.0
Spain,2001,10,21.48225806451613,2.0
Spain,2001,11,12.514666666666667,0.0
Spain,2001,12,8.730967741935485,3.0
Spain,2002,1,10.424193548387095,3.0
Spain,2002,2,13.721428571428572,3.0
Spain,2002,3,16.364193548387096,6.0
Spain,2002,4,19.599666666666668,10.0
Spain,2002,5,22.046129032258058,4.0
Spain,2002,6,31.54766666666666,12.0
Spain,2002,7,33.06096774193548,0.0
Spain,2002,8,31.676774193548386,0.0
Spain,2002,9,25.788,0.0
Spain,2002,10,20.276451612903227,0.0
Spain,2002,11,13.846333333333332,2.0
Spain,2002,12,11.103870967741935,0.0
Spain,2003,1,8.566129032258065,2.0
Spain,2003,2,10.200714285714287,0.0
Spain,2003,3,16.61838709677419,2.0
Spain,2003,4,18.503333333333334,0.0
Spain,2003,5,25.00774193548387,5.0
Spain,2003,6,32.95433333333333,8.0
Spain,2003,7,34.29064516129033,5.0
Spain,2003,8,34.89032258064517,11.0
Spain,2003,9,28.589000000000002,0.0
Spain,2003,10,18.472903225806448,0.0
Spain,2003,11,13.760333333333334,0.0
Spain,2003,12,9.800967741935487,0.0
Spain,2004,1,11.083548387096773,5.0
Spain,2004,2,11.666206896551726,4.0
Spain,2004,3,12.768064516129028,0.0
Spain,2004,4,17.038666666666668,3.0
Spain,2004,5,19.60709677419355,0.0
Spain,2004,6,31.017000000000007,5.0
Spain,2004,7,33.508709677419354,3.0
Spain,2004,8,31.564516129032263,0.0
Spain,2004,9,30.031999999999996,0.0
Spain,2004,10,21.266451612903225,8.0
Spain,2004,11,14.396333333333335,0.0
Spain,2004,12,10.804516129032258,0.0
Spain,2005,1,10.530645161290325,3.0
Spain,2005,2,9.47285714285714,0.0
Spain,2005,3,15.695806451612905,2.0
Spain,2005,4,19.944000000000003,5.0
Spain,2005,5,25.964516129032262,7.0
Spain,2005,6,33.21333333333334,8.0
Spain,2005,7,34.795483870967736,4.0
Spain,2005,8,33.85870967741935,4.0
Spain,2005,9,27.84199999999999,2.0
Spain,2005,10,21.03225806451613,2.0
Spain,2005,11,12.229000000000005,0.0
Spain,2005,12,9.697741935483869,0.0
Spain,2006,1,8.163225806451612,0.0
Spain,2006,2,10.489999999999998,0.0
Spain,2006,3,15.687096774193547,0.0
Spain,2006,4,20.618333333333336,4.0
Spain,2006,5,26.230000000000004,7.0
Spain,2006,6,30.93266666666666,4.0
Spain,2006,7,34.96161290322581,2.0
Spain,2006,8,32.565161290322585,0.0
Spain,2006,9,28.57566666666667,6.0
Spain,2006,10,22.157419354838705,4.0
Spain,2006,11,15.158666666666665,0.0
Spain,2006,12,9.814193548387099,0.0
Spain,2007,1,9.78225806451613,6.0
Spain,2007,2,12.750714285714285,2.0
Spain,2007,3,14.33774193548387,0.0
Spain,2007,4,16.893666666666668,2.0
Spain,2007,5,21.51677419354838,0.0
Spain,2007,6,26.346999999999998,0.0
Spain,2007,7,32.42516129032258,0.0
Spain,2007,8,31.789999999999996,0.0
Spain,2007,9,27.734666666666666,0.0
Spain,2007,10,20.594193548387096,0.0
Spain,2007,11,15.188666666666668,3.0
Spain,2007,12,10.780000000000003,2.0
Spain,2008,1,12.130322580645162,11.0
Spain,2008,2,13.50448275862069,2.0
Spain,2008,3,16.25032258064516,2.0
Spain,2008,4,19.265,6.0
Spain,2008,5,20.20032258064516,0.0
Spain,2008,6,27.737999999999996,2.0
Spain,2008,7,32.48903225806452,0.0
Spain,2008,8,33.27225806451613,4.0
Spain,2008,9,26.195666666666657,0.0
Spain,2008,10,19.505483870967744,0.0
Spain,2008,11,11.853000000000002,0.0
Spain,2008,12,9.160322580645165,3.0
Spain,2009,1,7.888064516129031,3.0
Spain,2009,2,11.703571428571427,0.0
Spain,2009,3,16.987096774193546,5.0
Spain,2009,4,17.63133333333333,2.0
Spain,2009,5,25.98451612903227,6.0
Spain,2009,6,30.64933333333333,5.0
Spain,2009,7,34.55967741935484,0.0
Spain,2009,8,34.57774193548387,0.0
Spain,2009,9,27.379333333333324,4.0
Spain,2009,10,23.524838709677415,8.0
Spain,2009,11,15.64066666666667,0.0
Spain,2009,12,9.78322580645161,0.0
Spain,2010,1,7.808387096774194,0.0
Spain,2010,2,9.083571428571428,0.0
Spain,2010,3,12.61258064516129,0.0
Spain,2010,4,18.249000000000002,4.0
Spain,2010,5,20.947741935483872,2.0
Spain,2010,6,27.055,0.0
Spain,2010,7,35.01870967741936,0.0
Spain,2010,8,33.955161290322586,0.0
Spain,2010,9,27.411666666666658,4.0
Spain,2010,10,20.159677419354843,2.0
Spain,2010,11,12.869000000000002,5.0
Spain,2010,12,9.576129032258063,5.0
Spain,2011,1,9.337419354838707,2.0
Spain,2011,2,12.929642857142856,4.0
Spain,2011,3,13.805161290322578,0.0
Spain,2011,4,20.955333333333336,6.0
Spain,2011,5,24.50258064516129,3.0
Spain,2011,6,29.425333333333338,4.0
Spain,2011,7,32.79161290322581,0.0
Spain,2011,8,33.61129032258064,2.0
Spain,2011,9,29.929666666666666,5.0
Spain,2011,10,24.18161290322581,13.0
Spain,2011,11,15.219333333333333,3.0
Spain,2011,12,11.171290322580642,4.0
Spain,2012,1,11.419677419354839,11.0
Spain,2012,2,11.146206896551726,6.0
Spain,2012,3,17.420967741935478,7.0
Spain,2012,4,16.025000000000002,0.0
Spain,2012,5,25.459032258064518,11.0
Spain,2012,6,31.122666666666664,6.0
Spain,2012,7,34.058064516129036,2.0
Spain,2012,8,34.49774193548386,8.0
Spain,2012,9,27.797666666666668,2.0
Spain,2012,10,19.980645161290322,4.0
Spain,2012,11,13.252333333333336,0.0
Spain,2012,12,10.173548387096773,0.0
Spain,2013,1,9.381612903225804,2.0
Spain,2013,2,9.996071428571428,0.0
Spain,2013,3,12.273548387096774,0.0
Spain,2013,4,16.719,2.0
Spain,2013,5,19.973225806451612,0.0
Spain,2013,6,27.770999999999997,0.0
Spain,2013,7,34.77774193548387,2.0
Spain,2013,8,34.333548387096776,4.0
Spain,2013,9,29.328000000000007,0.0
Spain,2013,10,21.740000000000006,0.0
Spain,2013,11,13.854666666666667,6.0
Spain,2013,12,10.819354838709677,2.0
Spain,2014,1,10.254193548387095,2.0
Spain,2014,2,10.3475,0.0
Spain,2014,3,15.956129032258065,3.0
Spain,2014,4,21.650666666666666,12.0
Spain,2014,5,24.332258064516136,4.0
Spain,2014,6,29.36866666666667,0.0
Spain,2014,7,32.37677419354838,2.0
Spain,2014,8,33.141612903225806,0.0
Spain,2014,9,27.661333333333328,3.0
Spain,2014,10,23.58258064516129,9.0
Spain,2014,11,14.655333333333335,2.0
Spain,2014,12,10.93935483870968,0.0
Spain,2015,1,10.301612903225806,0.0
Spain,2015,2,9.895357142857145,0.0
Spain,2015,3,16.47225806451613,8.0
Spain,2015,4,19.951333333333334,0.0
Spain,2015,5,26.957419354838713,12.0
Spain,2015,6,30.916666666666675,4.0
Spain,2015,7,37.20677419354839,12.0
Spain,2015,8,33.01258064516129,3.0
Spain,2015,9,26.70466666666666,0.0
Spain,2015,10,21.005806451612905,2.0
Spain,2015,11,17.58866666666667,12.0
Spain,2015,12,14.171935483870966,17.0
Spain,2016,1,11.267741935483869,4.0
Spain,2016,2,12.035172413793102,0.0
Spain,2016,3,13.968387096774196,0.0
Spain,2016,4,16.902666666666672,0.0
Spain,2016,5,20.869677419354836,0.0
Spain,2016,6,30.07200000000001,2.0
Spain,2016,7,35.50677419354839,6.0
Spain,2016,8,34.87612903225807,0.0
Spain,2016,9,29.700333333333326,10.0
Spain,2016,10,22.772903225806452,11.0
Spain,2016,11,13.621,3.0
Spain,2016,12,11.998064516129034,6.0
Spain,2017,1,9.400967741935483,0.0
Spain,2017,2,12.590714285714284,0.0
Spain,2017,3,16.612903225806452,6.0
Spain,2017,4,21.660999999999998,11.0
Spain,2017,5,26.317096774193548,6.0
Spain,2017,6,33.669333333333334,15.0
Spain,2017,7,33.777096774193545,4.0
Spain,2017,8,33.95290322580645,6.0
Spain,2017,9,28.103333333333335,0.0
Spain,2017,10,25.91806451612903,19.0
Spain,2017,11,15.960666666666667,2.0
Spain,2017,12,11.012258064516129,3.0
Spain,2018,1,11.066451612903226,13.0
Spain,2018,2,10.039642857142857,0.0
Spain,2018,3,12.12225806451613,0.0
Spain,2018,4,17.102333333333334,2.0
Spain,2018,5,21.358709677419355,0.0
Spain,2018,6,27.266000000000002,3.0
Spain,2018,7,32.84096774193548,0.0
Spain,2018,8,35.32548387096774,7.0
Spain,2018,9,30.435333333333332,4.0
Spain,2018,10,20.934516129032257,6.0
Spain,2018,11,13.982999999999999,0.0
Spain,2018,12,12.494516129032258,9.0
Spain,2019,1,11.257096774193547,7.0
Spain,2019,2,14.797857142857143,8.0
Spain,2019,3,18.393870967741936,5.0
Spain,2019,4,17.704666666666665,3.0
Spain,2019,5,25.75451612903226,6.0
Spain,2019,6,30.690333333333328,6.0
Spain,2019,7,35.31032258064517,8.0
Spain,2019,8,33.32645161290323,0.0
Spain,2019,9,27.497666666666667,0.0
Spain,2019,10,22.325806451612905,10.0
Spain,2019,11,13.208666666666668,2.0
Spain,2019,12,12.586451612903224,5.0
Spain,2020,1,10.388064516129033,2.0
Spain,2020,2,15.680000000000001,9.0
Spain,2020,3,15.786774193548393,4.0
Spain,2020,4,17.31866666666667,0.0
Spain,2020,5,24.48548387096774,5.0
Spain,2020,6,28.47933333333333,2.0
Spain,2020,7,36.20741935483872,11.0
Spain,2020,8,33.47258064516129,6.0
Spain,2020,9,27.396000000000008,2.0
Spain,2020,10,19.65806451612903,3.0
Spain,2020,11,15.83966666666667,2.0
Spain,2020,12,9.8,0.0
Spain,2021,1,7.679032258064516,4.0
Spain,2021,2,13.469999999999999,0.0
Spain,2021,3,15.701290322580647,2.0
Spain,2021,4,17.204333333333338,0.0
Spain,2021,5,-272.32428571428574,0.0
UK,2000,1,6.800645161290324,3.0
UK,2000,2,8.953793103448273,0.0
UK,2000,3,11.082258064516129,2.0
UK,2000,4,11.931000000000001,0.0
UK,2000,5,16.837741935483873,2.0
UK,2000,6,19.499333333333333,2.0
UK,2000,7,19.71709677419355,0.0
UK,2000,8,21.57903225806452,0.0
UK,2000,9,19.237,2.0
UK,2000,10,13.552903225806453,0.0
UK,2000,11,9.190333333333333,0.0
UK,2000,12,7.103225806451612,5.0
UK,2001,1,5.337741935483871,0.0
UK,2001,2,7.255714285714285,0.0
UK,2001,3,8.096129032258066,0.0
UK,2001,4,10.987333333333334,0.0
UK,2001,5,17.188387096774196,4.0
UK,2001,6,18.575666666666663,3.0
UK,2001,7,22.108387096774198,2.0
UK,2001,8,22.03451612903225,2.0
UK,2001,9,17.267666666666667,0.0
UK,2001,10,16.774838709677418,4.0
UK,2001,11,10.072333333333335,0.0
UK,2001,12,5.665806451612904,0.0
UK,2002,1,7.474193548387098,7.0
UK,2002,2,9.527499999999998,4.0
UK,2002,3,11.245161290322581,2.0
UK,2002,4,14.010333333333335,6.0
UK,2002,5,15.988387096774193,0.0
UK,2002,6,18.887333333333334,0.0
UK,2002,7,20.996129032258057,2.0
UK,2002,8,22.066451612903233,0.0
UK,2002,9,19.033,0.0
UK,2002,10,13.911612903225809,3.0
UK,2002,11,11.052333333333333,2.0
UK,2002,12,7.288387096774195,0.0
UK,2003,1,6.158064516129032,3.0
UK,2003,2,6.813928571428571,4.0
UK,2003,3,11.673870967741935,7.0
UK,2003,4,13.834333333333335,3.0
UK,2003,5,16.258709677419354,4.0
UK,2003,6,20.91133333333333,0.0
UK,2003,7,22.230645161290326,2.0
UK,2003,8,24.31741935483871,9.0
UK,2003,9,20.42466666666667,6.0
UK,2003,10,13.359677419354838,0.0
UK,2003,11,11.110999999999999,2.0
UK,2003,12,7.034193548387098,0.0
UK,2004,1,6.8287096774193525,0.0
UK,2004,2,7.665172413793103,4.0
UK,2004,3,9.505483870967742,0.0
UK,2004,4,13.735666666666669,4.0
UK,2004,5,16.822258064516127,2.0
UK,2004,6,20.065999999999992,4.0
UK,2004,7,21.071290322580648,0.0
UK,2004,8,22.348064516129025,2.0
UK,2004,9,19.76666666666667,7.0
UK,2004,10,14.200967741935486,0.0
UK,2004,11,10.126333333333331,0.0
UK,2004,12,7.039032258064518,0.0
UK,2005,1,8.040645161290325,5.0
UK,2005,2,6.245357142857144,0.0
UK,2005,3,10.596129032258066,7.0
UK,2005,4,13.540000000000001,2.0
UK,2005,5,15.956774193548387,2.0
UK,2005,6,21.253,8.0
UK,2005,7,22.146451612903224,2.0
UK,2005,8,22.06774193548387,0.0
UK,2005,9,21.014666666666674,6.0
UK,2005,10,17.29,9.0
UK,2005,11,9.399333333333333,2.0
UK,2005,12,6.459677419354839,0.0
UK,2006,1,6.1496774193548385,0.0
UK,2006,2,6.057142857142857,0.0
UK,2006,3,8.174838709677418,0.0
UK,2006,4,12.771666666666667,0.0
UK,2006,5,16.95193548387097,2.0
UK,2006,6,21.833666666666662,9.0
UK,2006,7,26.468387096774187,16.0
UK,2006,8,21.283870967741937,0.0
UK,2006,9,22.328333333333326,6.0
UK,2006,10,17.21935483870968,4.0
UK,2006,11,11.521666666666665,0.0
UK,2006,12,8.749032258064515,6.0
UK,2007,1,9.099032258064517,9.0
UK,2007,2,8.734999999999998,2.0
UK,2007,3,11.223548387096772,3.0
UK,2007,4,17.192,12.0
UK,2007,5,16.49096774193548,3.0
UK,2007,6,19.740333333333332,0.0
UK,2007,7,19.895806451612902,0.0
UK,2007,8,21.096451612903227,0.0
UK,2007,9,19.016333333333332,3.0
UK,2007,10,15.07129032258065,0.0
UK,2007,11,10.03733333333333,5.0
UK,2007,12,7.544193548387097,4.0
UK,2008,1,8.866774193548387,3.0
UK,2008,2,9.564137931034484,6.0
UK,2008,3,9.437419354838712,0.0
UK,2008,4,12.084000000000001,0.0
UK,2008,5,18.452580645161294,6.0
UK,2008,6,19.308666666666667,0.0
UK,2008,7,21.836451612903232,2.0
UK,2008,8,21.55838709677419,0.0
UK,2008,9,18.171000000000003,0.0
UK,2008,10,13.93483870967742,2.0
UK,2008,11,9.616333333333332,2.0
UK,2008,12,5.672580645161289,0.0
UK,2009,1,4.853548387096775,0.0
UK,2009,2,6.470714285714284,0.0
UK,2009,3,10.956129032258062,0.0
UK,2009,4,15.177333333333333,4.0
UK,2009,5,17.176129032258064,4.0
UK,2009,6,20.158666666666665,4.0
UK,2009,7,21.199999999999996,2.0
UK,2009,8,22.895806451612902,0.0
UK,2009,9,19.79966666666667,0.0
UK,2009,10,15.58290322580645,0.0
UK,2009,11,11.290666666666668,2.0
UK,2009,12,5.218387096774193,0.0
UK,2010,1,2.866774193548387,0.0
UK,2010,2,5.183214285714286,0.0
UK,2010,3,9.65935483870968,0.0
UK,2010,4,13.985333333333333,2.0
UK,2010,5,15.404193548387093,4.0
UK,2010,6,20.777666666666665,10.0
UK,2010,7,23.26225806451613,2.0
UK,2010,8,20.75741935483871,0.0
UK,2010,9,18.33300000000001,0.0
UK,2010,10,14.242258064516129,3.0
UK,2010,11,7.891,4.0
UK,2010,12,1.7080645161290324,0.0
UK,2011,1,5.600967741935483,0.0
UK,2011,2,8.69607142857143,2.0
UK,2011,3,11.245483870967742,4.0
UK,2011,4,17.468000000000004,15.0
UK,2011,5,17.144838709677423,0.0
UK,2011,6,19.345000000000002,2.0
UK,2011,7,20.590000000000003,0.0
UK,2011,8,21.45451612903226,2.0
UK,2011,9,20.803333333333338,5.0
UK,2011,10,17.09548387096774,9.0
UK,2011,11,12.482333333333333,8.0
UK,2011,12,7.95193548387097,0.0
UK,2012,1,7.7677419354838735,0.0
UK,2012,2,6.488275862068965,4.0
UK,2012,3,13.445806451612901,12.0
UK,2012,4,11.581666666666667,0.0
UK,2012,5,17.0458064516129,9.0
UK,2012,6,18.063333333333333,0.0
UK,2012,7,20.246451612903225,2.0
UK,2012,8,21.788709677419355,2.0
UK,2012,9,18.387,3.0
UK,2012,10,13.396774193548387,0.0
UK,2012,11,9.124333333333334,0.0
UK,2012,12,6.81258064516129,2.0
UK,2013,1,4.966451612903225,2.0
UK,2013,2,5.1,0.0
UK,2013,3,5.805806451612903,0.0
UK,2013,4,11.282,3.0
UK,2013,5,14.692903225806452,0.0
UK,2013,6,18.569000000000003,0.0
UK,2013,7,23.999032258064517,3.0
UK,2013,8,22.471612903225804,0.0
UK,2013,9,18.944666666666667,4.0
UK,2013,10,15.80451612903226,3.0
UK,2013,11,8.915333333333333,0.0
UK,2013,12,8.59161290322581,4.0
UK,2014,1,8.143548387096773,2.0
UK,2014,2,8.763928571428574,2.0
UK,2014,3,12.201612903225802,7.0
UK,2014,4,14.901,0.0
UK,2014,5,16.67483870967742,0.0
UK,2014,6,19.990666666666673,0.0
UK,2014,7,23.39322580645161,4.0
UK,2014,8,20.191290322580645,0.0
UK,2014,9,20.804666666666673,0.0
UK,2014,10,16.38677419354839,5.0
UK,2014,11,11.010666666666667,2.0
UK,2014,12,7.518064516129032,5.0
UK,2015,1,6.960645161290321,4.0
UK,2015,2,6.655,0.0
UK,2015,3,10.038709677419357,0.0
UK,2015,4,14.263666666666667,2.0
UK,2015,5,15.613870967741935,0.0
UK,2015,6,19.693,0.0
UK,2015,7,21.921612903225807,0.0
UK,2015,8,21.519032258064513,0.0
UK,2015,9,17.51633333333333,0.0
UK,2015,10,14.786451612903226,0.0
UK,2015,11,12.208000000000002,13.0
UK,2015,12,11.626451612903224,18.0
UK,2016,1,7.6412903225806454,2.0
UK,2016,2,7.921724137931035,0.0
UK,2016,3,9.456451612903226,0.0
UK,2016,4,11.587333333333332,0.0
UK,2016,5,17.194193548387098,0.0
UK,2016,6,19.483666666666675,0.0
UK,2016,7,21.850322580645162,3.0
UK,2016,8,22.878709677419355,3.0
UK,2016,9,21.343666666666664,7.0
UK,2016,10,14.864838709677418,0.0
UK,2016,11,8.921000000000001,0.0
UK,2016,12,8.470000000000002,6.0
UK,2017,1,5.627419354838709,0.0
UK,2017,2,8.667857142857143,4.0
UK,2017,3,12.546451612903228,9.0
UK,2017,4,13.937333333333331,2.0
UK,2017,5,17.911612903225805,5.0
UK,2017,6,21.705333333333332,6.0
UK,2017,7,22.271612903225808,3.0
UK,2017,8,21.07645161290322,0.0
UK,2017,9,18.425333333333334,0.0
UK,2017,10,16.156129032258065,4.0
UK,2017,11,9.55,0.0
UK,2017,12,6.725483870967742,0.0
UK,2018,1,7.89741935483871,2.0
UK,2018,2,5.606428571428572,0.0
UK,2018,3,8.339354838709676,0.0
UK,2018,4,13.852333333333332,5.0
UK,2018,5,19.11451612903226,6.0
UK,2018,6,21.673333333333336,5.0
UK,2018,7,26.0258064516129,14.0
UK,2018,8,23.2058064516129,6.0
UK,2018,9,19.817,2.0
UK,2018,10,15.771935483870964,9.0
UK,2018,11,11.080333333333334,5.0
UK,2018,12,8.758387096774195,6.0
UK,2019,1,5.695806451612904,0.0
UK,2019,2,10.551785714285716,12.0
UK,2019,3,11.929032258064519,3.0
UK,2019,4,14.291000000000004,7.0
UK,2019,5,16.62290322580645,0.0
UK,2019,6,19.700333333333337,0.0
UK,2019,7,23.73161290322581,4.0
UK,2019,8,23.286451612903228,4.0
UK,2019,9,20.112333333333332,0.0
UK,2019,10,14.380967741935486,0.0
UK,2019,11,8.974,0.0
UK,2019,12,8.288064516129033,0.0
UK,2020,1,8.50548387096774,7.0
UK,2020,2,9.239655172413794,4.0
UK,2020,3,10.122903225806452,0.0
UK,2020,4,15.740333333333329,8.0
UK,2020,5,18.133548387096774,8.0
UK,2020,6,19.796333333333337,4.0
UK,2020,7,21.834193548387095,2.0
UK,2020,8,24.0358064516129,8.0
UK,2020,9,20.367666666666672,6.0
UK,2020,10,13.945161290322583,0.0
UK,2020,11,11.425999999999998,5.0
UK,2020,12,7.064193548387097,3.0
UK,2021,1,5.355806451612904,0.0
UK,2021,2,7.3757142857142854,4.0
UK,2021,3,10.50548387096774,3.0
UK,2021,4,10.776000000000002,0.0
UK,2021,5,-277.96285714285716,0.0
